model,subject,run,accuracy,kappa,precision,recall,f1_score
baseline,300,0,0.4861111111111111,0.24489795918367352,0.5083333333333333,0.5079365079365079,0.4872946859903382
baseline,300,1,0.5,0.2627986348122867,0.5349590986263312,0.5075295075295075,0.5034618291761149
baseline,300,2,0.4166666666666667,0.1553072625698324,0.49722222222222223,0.44678469678469684,0.39325244785014896
baseline,301,0,0.4861111111111111,0.23139065204847076,0.5361111111111111,0.47999222999223007,0.4889414444006482
baseline,301,1,0.3333333333333333,0.011441647597254079,0.5435606060606061,0.340034965034965,0.29256854256854253
baseline,301,2,0.5694444444444444,0.34545454545454546,0.5460621250094934,0.5530303030303031,0.5155291384846622
baseline,302,0,0.4722222222222222,0.21243523316062174,0.4590159069325736,0.4628205128205128,0.4432341930507741
baseline,302,1,0.4583333333333333,0.193103448275862,0.4756728778467909,0.4576923076923077,0.46021493703864524
baseline,302,2,0.3055555555555556,0.011532125205930721,0.2281639928698752,0.3397435897435897,0.2418604651162791
baseline,303,0,0.3472222222222222,0.023658395845355007,0.453551912568306,0.34401709401709396,0.24151453684922244
baseline,303,1,0.5833333333333334,0.3582887700534759,0.7206290471785385,0.5580808080808081,0.49158003821367274
baseline,303,2,0.3472222222222222,0.05316172355903748,0.28118209474141675,0.369949494949495,0.27427427427427425
baseline,304,0,0.4166666666666667,0.12347826086956515,0.4168618266978923,0.4102564102564103,0.30944741532976827
baseline,304,1,0.4861111111111111,0.23404255319148937,0.5695415695415695,0.4855283605283605,0.48128648128648127
baseline,304,2,0.4444444444444444,0.17002881844380402,0.5234126984126984,0.442016317016317,0.4011077959506646
baseline,306,0,0.4027777777777778,0.11719418306244656,0.4036630036630036,0.4102564102564103,0.29545454545454547
baseline,306,1,0.75,0.6262975778546713,0.7567460317460318,0.7558528428093645,0.7497536171422007
baseline,306,2,0.4444444444444444,0.1773778920308483,0.7532855436081243,0.4503901895206243,0.36055088702147525
baseline,307,0,0.375,0.02409638554216864,0.2904761904761905,0.34848484848484845,0.20833333333333334
baseline,307,1,0.375,0.0229191797346201,0.4553990610328638,0.34848484848484845,0.2076796653219782
baseline,307,2,0.3611111111111111,0.0,0.12037037037037036,0.3333333333333333,0.17687074829931973
baseline,308,0,0.4305555555555556,0.17101937657961241,0.589626239511823,0.45037851037851034,0.42183024272576514
baseline,308,1,0.4583333333333333,0.21234221598877978,0.6205673758865248,0.4795848595848596,0.4476156918017384
baseline,308,2,0.5555555555555556,0.33275412684622074,0.6373983739837398,0.548009768009768,0.5404007111324184
baseline,309,0,0.3333333333333333,0.0,0.1111111111111111,0.3333333333333333,0.16666666666666666
baseline,309,1,0.5694444444444444,0.3622857142857143,0.6873433583959899,0.581973581973582,0.5400537634408602
baseline,309,2,0.3888888888888889,0.04463208685162845,0.45714285714285713,0.3611111111111111,0.23183760683760682
baseline,400,0,0.7222222222222222,0.543726235741445,0.8325027685492802,0.6175595238095238,0.5734299516908212
baseline,400,1,0.4027777777777778,0.060109289617486295,0.45893719806763283,0.3645833333333333,0.23959899749373434
baseline,400,2,0.3888888888888889,0.050359712230215736,0.45714285714285713,0.38095238095238093,0.2638888888888889
baseline,401,0,0.3194444444444444,0.09677419354838712,0.47927689594356265,0.4247474747474748,0.29458291243188267
baseline,401,1,0.3472222222222222,0.045685279187817285,0.2182795698924731,0.37222222222222223,0.2505426356589147
baseline,401,2,0.3611111111111111,0.04909560723514217,0.33816425120772947,0.37777777777777777,0.24611708482676223
baseline,402,0,0.6111111111111112,0.30674002751031626,0.7222222222222222,0.5014492753623189,0.49669030732860525
baseline,402,1,0.4305555555555556,0.1907894736842105,0.3263888888888889,0.4901960784313726,0.34263820470717016
baseline,402,2,0.4305555555555556,0.1505035971223022,0.6738351254480287,0.4319124751349815,0.36044423189329927
baseline,403,0,0.5416666666666666,0.25141776937618154,0.7695810564663024,0.49547511312217196,0.47049663299663297
baseline,403,1,0.4722222222222222,0.2639225181598063,0.33580246913580253,0.5512820512820512,0.3966321769121525
baseline,403,2,0.5416666666666666,0.35028712059064804,0.6898395721925135,0.5926821657044781,0.5469746296546011
baseline,404,0,0.4722222222222222,0.1808383233532933,0.476978498255094,0.4583333333333333,0.4266213921901529
baseline,404,1,0.4444444444444444,0.12621359223300976,0.46527777777777773,0.4146825396825397,0.3953634085213033
baseline,404,2,0.375,0.06358381502890176,0.48306878306878304,0.37936507936507935,0.2902490421455939
baseline,405,0,0.2361111111111111,0.014189693801344272,0.40845070422535207,0.3440860215053763,0.14343869731800765
baseline,405,1,0.3888888888888889,0.06465899025686461,0.5119658119658119,0.38317204301075264,0.2860484544695071
baseline,405,2,0.4166666666666667,0.054409005628517804,0.24090909090909088,0.3629032258064517,0.28488372093023256
baseline,406,0,0.6666666666666666,0.47058823529411764,0.7707602339181286,0.6323529411764706,0.6069444444444444
baseline,406,1,0.4861111111111111,0.03056768558951961,0.49295774647887325,0.34848484848484845,0.2448585231193927
baseline,406,2,0.4027777777777778,0.2073732718894008,0.31092436974789917,0.5303030303030303,0.36075436769640173
baseline,407,0,0.6111111111111112,0.3654390934844193,0.8362573099415206,0.5488888888888889,0.536260513004699
baseline,407,1,0.7777777777777778,0.6466257668711657,0.8814814814814814,0.7348148148148148,0.7542682542682543
baseline,407,2,0.4305555555555556,0.0489690721649485,0.4714285714285715,0.36000000000000004,0.244668911335578
baseline,408,0,0.3611111111111111,0.11727078891258003,0.390625,0.4197530864197531,0.28594377510040164
baseline,408,1,0.25,-0.022619673855865274,0.0857142857142857,0.3157894736842105,0.1348314606741573
baseline,408,2,0.2916666666666667,0.03164556962025322,0.3140096618357488,0.35802469135802467,0.1883838383838384
baseline,409,0,0.3888888888888889,0.0,0.12962962962962962,0.3333333333333333,0.18666666666666668
baseline,409,1,0.5416666666666666,0.2693726937269373,0.552123552123552,0.5,0.5012900143334925
baseline,409,2,0.3888888888888889,0.0,0.12962962962962962,0.3333333333333333,0.18666666666666668
baseline,410,0,0.5,0.26530612244897955,0.4666666666666666,0.5555555555555555,0.45714285714285713
baseline,410,1,0.4166666666666667,0.0,0.1388888888888889,0.3333333333333333,0.19607843137254902
baseline,410,2,0.5972222222222222,0.3763440860215054,0.40740740740740744,0.6111111111111112,0.48888888888888893
baseline,411,0,0.2777777777777778,0.022454308093994735,0.49747474747474746,0.34411238825031926,0.2122815456148789
baseline,411,1,0.3333333333333333,-0.03194983577187238,0.1940254362614611,0.30395913154533843,0.23598082134667497
baseline,411,2,0.4027777777777778,0.0,0.13425925925925927,0.3333333333333333,0.1914191419141914
baseline,412,0,0.375,0.0847457627118644,0.25252525252525254,0.39301587301587304,0.3053639846743295
baseline,412,1,0.3611111111111111,0.020987289388117003,0.4507042253521127,0.3461538461538462,0.1983024691358025
baseline,412,2,0.3611111111111111,0.0,0.12037037037037036,0.3333333333333333,0.17687074829931973
baseline,413,0,0.4444444444444444,0.09433962264150952,0.8039215686274509,0.3898809523809524,0.2981762597512123
baseline,413,1,0.3888888888888889,0.0,0.12962962962962962,0.3333333333333333,0.18666666666666668
baseline,413,2,0.4027777777777778,0.026415094339622747,0.4647887323943662,0.3541666666666667,0.22776787482669836
baseline,414,0,0.5277777777777778,0.2648648648648648,0.35555555555555557,0.4953703703703704,0.4127750939345143
baseline,414,1,0.375,0.10891089108910901,0.6491935483870968,0.4115961199294533,0.31078624844204406
baseline,414,2,0.6527777777777778,0.4773519163763066,0.6630053394355454,0.6574074074074074,0.6555555555555556
baseline,415,0,0.3888888888888889,0.1022952677812411,0.42923076923076925,0.4014814814814815,0.37024745499321776
baseline,415,1,0.3888888888888889,0.09330280480824271,0.5880952380952381,0.3855555555555556,0.326332269880657
baseline,415,2,0.4027777777777778,0.0802139037433155,0.2804232804232804,0.38271604938271603,0.26346801346801346
baseline,416,0,0.5138888888888888,0.2491060786650774,0.6666666666666666,0.49118437118437114,0.4668306346929015
baseline,416,1,0.4722222222222222,0.18034751348112643,0.717741935483871,0.44813186813186817,0.39842619745845553
baseline,416,2,0.3611111111111111,0.0930996714129243,0.43781094527363185,0.39999999999999997,0.27020202020202017
baseline,417,0,0.375,0.0,0.125,0.3333333333333333,0.1818181818181818
baseline,417,1,0.375,0.0,0.125,0.3333333333333333,0.1818181818181818
baseline,417,2,0.3888888888888889,0.0,0.12962962962962962,0.3333333333333333,0.18666666666666668
baseline,418,0,0.4027777777777778,0.026415094339622747,0.4647887323943662,0.3541666666666667,0.22776787482669836
baseline,418,1,0.3888888888888889,0.0,0.12962962962962962,0.3333333333333333,0.18666666666666668
baseline,418,2,0.4722222222222222,0.280757097791798,0.7339622641509433,0.5476190476190476,0.4746462709849438
baseline,419,0,0.4444444444444444,0.0,0.14814814814814814,0.3333333333333333,0.20512820512820515
baseline,419,1,0.4722222222222222,0.06397536777283608,0.6545893719806763,0.3713200379867046,0.27947509036617946
baseline,419,2,0.3888888888888889,0.020710973724884063,0.460093896713615,0.34375,0.20387548958977528
baseline,420,0,0.19444444444444445,0.0,0.06481481481481481,0.3333333333333333,0.10852713178294575
baseline,420,1,0.4166666666666667,0.0326295585412667,0.46859903381642515,0.3694581280788178,0.2738095238095238
baseline,420,2,0.375,0.16083916083916083,0.5243612596553774,0.4704433497536946,0.3688034188034188
baseline,421,0,0.3055555555555556,0.0,0.10185185185185186,0.3333333333333333,0.15602836879432624
baseline,421,1,0.6388888888888888,0.4364840457555689,0.6719995857926891,0.5932178932178932,0.5575998075998077
baseline,421,2,0.375,0.18305597579425104,0.6964285714285715,0.4897546897546898,0.38032398595778877
baseline,422,0,0.4166666666666667,0.17105263157894746,0.26666666666666666,0.4537037037037037,0.3358333333333334
baseline,422,1,0.3472222222222222,0.02422145328719738,0.28095238095238095,0.35185185185185186,0.20354609929078013
baseline,422,2,0.3611111111111111,0.05479452054794531,0.20833333333333334,0.3703703703703704,0.2331002331002331
baseline,423,0,0.4722222222222222,0.0,0.1574074074074074,0.3333333333333333,0.21383647798742136
baseline,423,1,0.6111111111111112,0.4256410256410257,0.4458700882117081,0.6078431372549019,0.4770872567482736
baseline,423,2,0.4722222222222222,0.0,0.1574074074074074,0.3333333333333333,0.21383647798742136
baseline,424,0,0.2638888888888889,0.011655011655011704,0.19806763285024154,0.345679012345679,0.16015325670498085
baseline,424,1,0.4722222222222222,0.16022099447513816,0.5066666666666667,0.425925925925926,0.3853642811089619
baseline,424,2,0.3333333333333333,0.09219858156028371,0.5,0.40740740740740744,0.2691758695815491
baseline,425,0,0.4444444444444444,0.12328767123287676,0.4676616915422886,0.4259259259259259,0.3364168979340117
baseline,425,1,0.4583333333333333,0.25,0.41964285714285715,0.5185185185185185,0.3947203016970459
baseline,425,2,0.2777777777777778,0.032558139534883734,0.41904761904761906,0.35802469135802467,0.18234064785788925
baseline,426,0,0.2361111111111111,0.0,0.0787037037037037,0.3333333333333333,0.12734082397003746
baseline,426,1,0.3888888888888889,-0.0041204437400950145,0.25396825396825395,0.32666666666666666,0.27866446523573657
baseline,426,2,0.4166666666666667,0.0,0.1388888888888889,0.3333333333333333,0.19607843137254902
baseline,427,0,0.6944444444444444,0.49181905678537063,0.8121775025799794,0.6428571428571429,0.5901460466677858
baseline,427,1,0.6805555555555556,0.4609375,0.8287037037037037,0.6243386243386243,0.585354381632713
baseline,427,2,0.25,0.0,0.08333333333333333,0.3333333333333333,0.13333333333333333
baseline,428,0,0.6388888888888888,0.40909090909090906,0.42621259029927766,0.5476190476190476,0.4789833822091887
baseline,428,1,0.3888888888888889,0.0,0.12962962962962962,0.3333333333333333,0.18666666666666668
baseline,428,2,0.625,0.38636363636363624,0.4621848739495798,0.5357142857142857,0.47274606044949624
baseline,429,0,0.3333333333333333,0.0,0.1111111111111111,0.3333333333333333,0.16666666666666666
baseline,429,1,0.3611111111111111,0.0,0.12037037037037036,0.3333333333333333,0.17687074829931973
baseline,429,2,0.5277777777777778,0.2989690721649485,0.36049382716049383,0.5384615384615384,0.42016333427203606
baseline,430,0,0.4305555555555556,0.0,0.14351851851851852,0.3333333333333333,0.2006472491909385
baseline,430,1,0.4583333333333333,0.2279351113555127,0.5272946859903381,0.5278191342707471,0.4444765111431778
baseline,430,2,0.6388888888888888,0.43289912147833987,0.695696805452903,0.6204025365315688,0.6271863950686818
baseline,431,0,0.6388888888888888,0.4529514903565167,0.8333333333333334,0.6706349206349206,0.6262626262626263
baseline,431,1,0.4444444444444444,0.12674348089751364,0.41904761904761906,0.4047619047619047,0.30476190476190473
baseline,431,2,0.5277777777777778,0.2595281306715064,0.7098765432098766,0.49511599511599513,0.45861018826135097
baseline,432,0,0.7083333333333334,0.532033426183844,0.7221485411140584,0.6383991262287408,0.6144894321364909
baseline,432,1,0.75,0.6054794520547946,0.7445394112060778,0.6863005149009206,0.6699713330148113
baseline,432,2,0.3611111111111111,0.0,0.12037037037037036,0.3333333333333333,0.17687074829931973
baseline,433,0,0.4722222222222222,0.21061742642815928,0.4623655913978495,0.47826086956521735,0.388066713648109
baseline,433,1,0.4583333333333333,0.18796992481203023,0.6611111111111111,0.4608937198067633,0.4047619047619048
baseline,433,2,0.4027777777777778,0.08726415094339623,0.45588235294117646,0.3913043478260869,0.2779769016328156
baseline,434,0,0.3472222222222222,0.0,0.11574074074074074,0.3333333333333333,0.17182130584192437
baseline,434,1,0.7638888888888888,0.6517780938833571,0.825050505050505,0.7773435504469987,0.7578347578347578
baseline,434,2,0.6111111111111112,0.43338954468802693,0.43492063492063493,0.6251596424010217,0.49397363465160077
baseline,435,0,0.2361111111111111,0.0119760479041916,0.40952380952380957,0.3461538461538462,0.14872236577662934
baseline,435,1,0.3611111111111111,0.1485861182519279,0.712431693989071,0.4495726495726496,0.3303006733133775
baseline,435,2,0.3611111111111111,0.0,0.12037037037037036,0.3333333333333333,0.17687074829931973
baseline,436,0,0.2638888888888889,0.0031347962382444194,0.1562189054726368,0.3444444444444445,0.16022408963585436
baseline,436,1,0.5555555555555556,0.3402061855670103,0.6823809523809524,0.5944444444444444,0.553461356092935
baseline,436,2,0.5277777777777778,0.21689059500959706,0.4051587301587301,0.4527777777777778,0.39733651361558336
baseline,437,0,0.4583333333333333,0.14416336482779635,0.8030303030303031,0.4338731443994602,0.3571286340103545
baseline,437,1,0.4305555555555556,0.11801613385121013,0.4626865671641791,0.42105263157894735,0.32526881720430106
baseline,437,2,0.5416666666666666,0.2894736842105263,0.4602346805736636,0.543859649122807,0.45930232558139533
baseline,438,0,0.5972222222222222,0.38983050847457623,0.4309090909090909,0.6031746031746031,0.4916360669114647
baseline,438,1,0.3055555555555556,0.01827106626670305,0.431924882629108,0.3461538461538462,0.1768652710681696
baseline,438,2,0.3055555555555556,0.01827106626670305,0.431924882629108,0.3461538461538462,0.1768652710681696
baseline,439,0,0.3611111111111111,0.04827586206896539,0.5360696517412935,0.3645833333333333,0.22935952935952938
baseline,439,1,0.3333333333333333,0.0,0.1111111111111111,0.3333333333333333,0.16666666666666666
baseline,439,2,0.375,0.08577878103837466,0.22205663189269745,0.3958333333333333,0.2623093681917211
baseline,440,0,0.4305555555555556,0.0489690721649485,0.38725490196078427,0.35887611749680715,0.25695599157521337
baseline,440,1,0.5,0.17082533589251436,0.3906432748538011,0.4231587909748829,0.3684016242155777
baseline,440,2,0.4166666666666667,0.027339980701190147,0.4694835680751173,0.3541666666666667,0.23254901960784313
baseline,441,0,0.19444444444444445,-0.0028818443804035088,0.06572769953051642,0.3333333333333333,0.10980392156862745
baseline,441,1,0.5694444444444444,0.28735632183908044,0.6994949494949495,0.5081272893772893,0.515619807244932
baseline,441,2,0.5416666666666666,0.2325581395348837,0.36111111111111116,0.4495192307692308,0.39943074003795065
baseline,442,0,0.5833333333333334,0.3138500635324015,0.7557471264367815,0.5242424242424243,0.5144522144522145
baseline,442,1,0.5416666666666666,0.3377926421404681,0.6102558768462659,0.5803030303030302,0.5343363548578014
baseline,442,2,0.5972222222222222,0.36068585425597055,0.7015503875968992,0.554040404040404,0.5446892991860234
baseline,443,0,0.5138888888888888,0.306930693069307,0.3603174603174603,0.5607017543859648,0.4294088425235967
baseline,443,1,0.5277777777777778,0.3327882256745708,0.7514245014245015,0.5752380952380952,0.5262516037163925
baseline,443,2,0.6527777777777778,0.4444444444444444,0.46527777777777785,0.5880952380952381,0.5089509488005729
baseline,444,0,0.3055555555555556,-0.02564102564102555,0.3615900383141762,0.31215161649944256,0.2447564051506704
baseline,444,1,0.375,0.022624434389140413,0.4553990610328638,0.34782608695652173,0.20647193585337917
baseline,444,2,0.3055555555555556,-0.022146507666098936,0.38095238095238093,0.3171683389074693,0.2489207109460274
baseline,445,0,0.8611111111111112,0.7898423817863397,0.8656565656565657,0.870952380952381,0.8629660779366414
baseline,445,1,0.8888888888888888,0.8327526132404182,0.895631188734637,0.9033333333333333,0.8929629629629628
baseline,445,2,0.8194444444444444,0.7314974182444063,0.8322140822140822,0.8423809523809523,0.8171664691763133
baseline,446,0,0.375,0.0,0.125,0.3333333333333333,0.1818181818181818
baseline,446,1,0.3055555555555556,0.0558615263571991,0.43920068027210885,0.36044262388348414,0.3013290422551999
baseline,446,2,0.375,0.0,0.125,0.3333333333333333,0.1818181818181818
baseline,447,0,0.5694444444444444,0.3151273396747468,0.5447051156728576,0.5332252375263128,0.5364648179588757
baseline,447,1,0.625,0.39608574091332716,0.6177606177606177,0.5695511179382148,0.5717228275490988
baseline,447,2,0.5138888888888888,0.1904914873112754,0.6508803885853066,0.45326278659611985,0.38655672163918037
baseline,448,0,0.2222222222222222,0.012490815576781666,0.40375586854460094,0.34259259259259256,0.13429708778545987
baseline,448,1,0.5,0.19252336448598117,0.32936507936507936,0.47592592592592586,0.3842178493341284
baseline,448,2,0.4722222222222222,-0.04347826086956519,0.1619047619047619,0.3148148148148148,0.21383647798742136
baseline,449,0,0.4305555555555556,0.12997347480106092,0.3286549707602339,0.41259057971014496,0.31099290780141847
baseline,449,1,0.3194444444444444,0.0,0.10648148148148147,0.3333333333333333,0.16140350877192983
baseline,449,2,0.4444444444444444,0.0,0.14814814814814814,0.3333333333333333,0.20512820512820515
baseline,450,0,0.4444444444444444,0.0,0.14814814814814814,0.3333333333333333,0.20512820512820515
baseline,450,1,0.4027777777777778,0.1298482293423271,0.43966693966693965,0.42502289377289376,0.33632837750484806
baseline,450,2,0.2777777777777778,0.0714285714285714,0.3229166666666667,0.3958333333333333,0.21965811965811965
baseline,451,0,0.4861111111111111,0.26164079822616415,0.5701728826728827,0.5348484848484848,0.47431167588986817
baseline,451,1,0.625,0.45270270270270263,0.6934589800443459,0.6681818181818181,0.6185636856368563
baseline,451,2,0.5972222222222222,0.3996549741230593,0.6119422367669212,0.6247474747474747,0.6024109014675053
baseline,452,0,0.5694444444444444,0.3639213451125677,0.8050314465408804,0.5700483091787439,0.49
baseline,452,1,0.3333333333333333,0.03598326359832649,0.48688524590163934,0.3601717659688674,0.22071837132078098
baseline,452,2,0.5277777777777778,0.3049403747870528,0.5802469135802469,0.533011272141707,0.45671871987661466
baseline,453,0,0.4583333333333333,0.1341350601295097,0.47263681592039797,0.4615384615384615,0.38167641325536056
baseline,453,1,0.5277777777777778,0.21235521235521226,0.5833333333333334,0.500236322816968,0.4519230769230769
baseline,453,2,0.4166666666666667,0.054409005628517804,0.4666666666666666,0.3846153846153846,0.2793650793650793
baseline,454,0,0.4444444444444444,0.23587158397452912,0.29549549549549553,0.5733333333333334,0.3840245775729647
baseline,454,1,0.19444444444444445,0.0,0.06481481481481481,0.3333333333333333,0.10852713178294575
baseline,454,2,0.4583333333333333,0.12686567164179097,0.34640522875816987,0.3947474747474748,0.3395061728395062
baseline,455,0,0.625,0.401109057301294,0.5707508809975603,0.5582264957264957,0.5462035977625223
baseline,455,1,0.4027777777777778,0.12095400340715512,0.5428194993412384,0.3952991452991453,0.3540903540903541
baseline,455,2,0.375,0.0464979399646851,0.5047789725209081,0.352457264957265,0.2375659824046921
baseline,456,0,0.375,0.05813953488372081,0.36764705882352944,0.36904761904761907,0.23641304347826086
baseline,456,1,0.5138888888888888,0.2725173210161663,0.6984126984126985,0.5166666666666667,0.47126436781609193
baseline,456,2,0.7083333333333334,0.5418181818181819,0.8023549201009251,0.6583333333333333,0.5952884049684707
baseline,457,0,0.19444444444444445,0.0,0.06481481481481481,0.3333333333333333,0.10852713178294575
baseline,457,1,0.4305555555555556,0.0,0.14351851851851852,0.3333333333333333,0.2006472491909385
baseline,457,2,0.4861111111111111,0.1228185709581825,0.4208955223880597,0.42857142857142855,0.35123523093447906
baseline,458,0,0.7361111111111112,0.5676359039190897,0.8486111111111111,0.6682769726247987,0.6618852641814078
baseline,458,1,0.7777777777777778,0.6402248594628357,0.8865248226950354,0.7359098228663447,0.7662103977893452
baseline,458,2,0.2916666666666667,0.047964739434793846,0.753623188405797,0.36933146330060773,0.2061128526645768
baseline,459,0,0.375,0.023213747362074266,0.4553990610328638,0.34920634920634924,0.20899718837863168
baseline,459,1,0.4305555555555556,0.11111111111111116,0.7960199004975124,0.40253968253968253,0.30863698160694825
baseline,459,2,0.3611111111111111,0.0,0.12037037037037036,0.3333333333333333,0.17687074829931973
baseline,460,0,0.20833333333333334,0.0,0.06944444444444445,0.3333333333333333,0.1149425287356322
baseline,460,1,0.20833333333333334,0.0,0.06944444444444445,0.3333333333333333,0.1149425287356322
baseline,460,2,0.625,0.38829452485840155,0.7402298850574712,0.5592775041050903,0.5533017804823078
baseline,461,0,0.5,0.24010554089709768,0.6204651162790699,0.48271604938271606,0.43099867432611577
baseline,461,1,0.5416666666666666,0.2577319587628867,0.742556281771968,0.4753086419753086,0.43182514665966204
baseline,461,2,0.625,0.4260407440212578,0.6365853658536585,0.619753086419753,0.5949188277461522
baseline,500,0,0.5555555555555556,0.2450851900393184,0.4666666666666666,0.4761904761904762,0.4157706093189964
baseline,500,1,0.5,0.1394422310756971,0.4343434343434344,0.41269841269841273,0.336515209367443
baseline,500,2,0.3194444444444444,0.04052216480826776,0.5974358974358974,0.3647977470558115,0.23337669220022164
baseline,501,0,0.3611111111111111,0.0,0.12037037037037036,0.3333333333333333,0.17687074829931973
baseline,501,1,0.3194444444444444,0.0,0.10648148148148147,0.3333333333333333,0.16140350877192983
baseline,501,2,0.3194444444444444,0.0,0.10648148148148147,0.3333333333333333,0.16140350877192983
baseline,502,0,0.3055555555555556,0.0,0.10185185185185186,0.3333333333333333,0.15602836879432624
baseline,502,1,0.3194444444444444,0.0,0.10648148148148147,0.3333333333333333,0.16140350877192983
baseline,502,2,0.5,0.21023765996343702,0.8095238095238096,0.46772068511198944,0.4197802197802198
baseline,503,0,0.3333333333333333,0.08956796628029517,0.42786069651741293,0.4057971014492754,0.2663344407530454
baseline,503,1,0.4722222222222222,0.10353866317169058,0.4803921568627451,0.3913043478260869,0.30284706475182666
baseline,503,2,0.5972222222222222,0.409000849136711,0.681704260651629,0.6375286041189931,0.6081298016282536
baseline,504,0,0.4305555555555556,0.0,0.14351851851851852,0.3333333333333333,0.2006472491909385
baseline,504,1,0.4305555555555556,0.0,0.14351851851851852,0.3333333333333333,0.2006472491909385
baseline,504,2,0.4305555555555556,0.0,0.14351851851851852,0.3333333333333333,0.2006472491909385
baseline,505,0,0.3055555555555556,-0.00027785495971088814,0.10328638497652581,0.3333333333333333,0.15770609318996417
baseline,505,1,0.4444444444444444,0.17901938426453834,0.5664414414414415,0.4460791489776997,0.4567505720823799
baseline,505,2,0.2222222222222222,-0.13962690785754672,0.1139784946236559,0.23254281949934122,0.13848039215686275
baseline,506,0,0.6527777777777778,0.4271164863144493,0.4869248593181066,0.5924219150025601,0.5214285714285715
baseline,506,1,0.3055555555555556,0.03536977491961424,0.7619047619047619,0.35995903737839224,0.1992845117845118
baseline,506,2,0.6388888888888888,0.40038436899423446,0.49554367201426025,0.5765488991295443,0.5132598939208486
baseline,507,0,0.5972222222222222,0.39982753664846216,0.6592224979321754,0.600839706102864,0.6030075187969924
baseline,507,1,0.4305555555555556,0.1500143967751224,0.29547471162378,0.44939271255060725,0.3523809523809524
baseline,507,2,0.2777777777777778,0.01680672268907557,0.4225352112676057,0.345679012345679,0.16455026455026456
baseline,508,0,0.5,0.25,0.35030303030303034,0.5,0.3956130043086565
baseline,508,1,0.4444444444444444,0.16666666666666663,0.6401668011837504,0.4444444444444444,0.39534482014077815
baseline,508,2,0.3472222222222222,0.02083333333333337,0.4460093896713615,0.34722222222222227,0.19508771929824562
baseline,509,0,0.4305555555555556,0.05263157894736825,0.4714285714285715,0.3684210526315789,0.2587782587782588
baseline,509,1,0.5138888888888888,0.20654911838790935,0.484375,0.47368421052631576,0.405416168857029
baseline,509,2,0.4444444444444444,0.07869481765834929,0.4734299516908213,0.3859649122807018,0.28818800247371673
baseline,510,0,0.375,0.08241291418861518,0.578042328042328,0.40092058043376505,0.3193061378989052
baseline,510,1,0.4444444444444444,0.0883190883190883,0.6131313131313131,0.385369532428356,0.2888061905605765
baseline,510,2,0.3611111111111111,0.0,0.12037037037037036,0.3333333333333333,0.17687074829931973
baseline,511,0,0.4166666666666667,0.15222876366694693,0.6035294117647059,0.43907203907203907,0.39476653200858897
baseline,511,1,0.625,0.41656662665066024,0.48333333333333334,0.5866666666666667,0.5037037037037037
baseline,511,2,0.4027777777777778,0.1271497039751902,0.2868085106382979,0.42063492063492064,0.32679738562091504
baseline,512,0,0.5833333333333334,0.3740944653723559,0.7155768208399786,0.5802657004830918,0.48301587301587295
baseline,512,1,0.3611111111111111,0.04360381172393868,0.2608058608058608,0.36292270531400966,0.23895131086142327
baseline,512,2,0.3888888888888889,0.09096126255380199,0.2582197273456295,0.3955314009661836,0.3101798698813624
baseline,513,0,0.4166666666666667,0.10453064850458993,0.36630036630036633,0.3974358974358974,0.28619528619528617
baseline,513,1,0.4305555555555556,0.11484257871064463,0.6333333333333333,0.40507936507936515,0.31523809523809526
baseline,513,2,0.3472222222222222,0.0,0.11574074074074074,0.3333333333333333,0.17182130584192437
tl,300,0,0.4027777777777778,0.12886888013505915,0.46458958958958957,0.42918192918192916,0.3889483065953654
tl,300,1,0.4027777777777778,0.12886888013505915,0.46458958958958957,0.42918192918192916,0.3889483065953654
tl,300,2,0.4166666666666667,0.14527981910683996,0.4862433862433862,0.4363044363044363,0.4134489549583889
tl,301,0,0.5694444444444444,0.3571428571428571,0.5959914030089468,0.5662393162393163,0.573363567649282
tl,301,1,0.5833333333333334,0.37680323139065197,0.5998437184916313,0.5811965811965811,0.5829003737125148
tl,301,2,0.5555555555555556,0.33755031627372056,0.5913952745849298,0.5568181818181818,0.5582937577546742
tl,302,0,0.4305555555555556,0.15463917525773196,0.5277777777777778,0.4358974358974359,0.44536340852130324
tl,302,1,0.4583333333333333,0.20408163265306123,0.5440047070481854,0.4730769230769231,0.4687336473050759
tl,302,2,0.4166666666666667,0.13993174061433455,0.508868778280543,0.4269230769230769,0.4324339422378638
tl,303,0,0.5555555555555556,0.3325608342989571,0.5748366013071895,0.5428321678321678,0.547776111944028
tl,303,1,0.5694444444444444,0.35491329479768785,0.5990236006683375,0.5603146853146853,0.5692691029900332
tl,303,2,0.5416666666666666,0.3121019108280255,0.5697577276524645,0.530011655011655,0.5361581920903955
tl,304,0,0.5277777777777778,0.2973593570608497,0.5833333333333334,0.5288461538461539,0.5318518518518518
tl,304,1,0.5416666666666666,0.3172413793103448,0.591358024691358,0.5416666666666666,0.5462271629519017
tl,304,2,0.5277777777777778,0.2981651376146789,0.5865079365079365,0.5288461538461539,0.5333333333333333
tl,306,0,0.6666666666666666,0.502160760587727,0.6783877797943134,0.6705685618729097,0.6657574104382614
tl,306,1,0.6666666666666666,0.5034482758620689,0.6930555555555555,0.6739130434782609,0.6598497288152461
tl,306,2,0.6805555555555556,0.5233160621761659,0.702020202020202,0.6850613154960982,0.6774891774891775
tl,307,0,0.4722222222222222,0.18132854578096946,0.5888888888888889,0.44696969696969696,0.37609584214235375
tl,307,1,0.4583333333333333,0.15877771120431405,0.5309653916211293,0.4318181818181818,0.34822361546499475
tl,307,2,0.5,0.22626865671641794,0.6141679957469431,0.476010101010101,0.4190917516218721
tl,308,0,0.6527777777777778,0.4761350407450524,0.7088989441930619,0.6438583638583638,0.648156850459482
tl,308,1,0.6111111111111112,0.4228456913827655,0.6761786600496279,0.6145299145299145,0.6194680498841187
tl,308,2,0.625,0.44266055045871555,0.6811965811965811,0.6273504273504273,0.6330532212885154
tl,309,0,0.5694444444444444,0.35491329479768785,0.578088578088578,0.5664335664335663,0.5700241545893721
tl,309,1,0.5,0.2551724137931034,0.5287037037037038,0.5014568764568764,0.5037878787878788
tl,309,2,0.5694444444444444,0.35416666666666663,0.5666666666666667,0.5653651903651903,0.5649271734595781
tl,400,0,0.6388888888888888,0.47651006711409394,0.6936782504804945,0.6611721611721612,0.6335903250188964
tl,400,1,0.6666666666666666,0.5126903553299492,0.6971158833903931,0.689217032967033,0.6521199674838489
tl,400,2,0.6388888888888888,0.4702886247877759,0.6770413494551426,0.6453754578754579,0.6298388669494418
tl,401,0,0.625,0.4545454545454546,0.6823529411764705,0.6590909090909091,0.6079460269865068
tl,401,1,0.6944444444444444,0.5487179487179488,0.7219202898550724,0.7217171717171716,0.6815538847117795
tl,401,2,0.6805555555555556,0.5257731958762887,0.6936507936507935,0.6919191919191919,0.6663441380422512
tl,402,0,0.625,0.420911528150134,0.6174242424242424,0.6246660983233873,0.6022787546746698
tl,402,1,0.6666666666666666,0.47301006404391577,0.6478991596638655,0.647996589940324,0.6461001572856983
tl,402,2,0.6111111111111112,0.4012474012474012,0.5942525158211432,0.6057402671213413,0.5943962284367298
tl,403,0,0.6666666666666666,0.5089514066496164,0.6809523809523809,0.7122015915119363,0.668936170212766
tl,403,1,0.6666666666666666,0.5089514066496164,0.6779821200510856,0.7067405211421439,0.6646472341634774
tl,403,2,0.6805555555555556,0.5269922879177378,0.6983262754587618,0.7223695844385499,0.68467171026646
tl,404,0,0.5,0.26613816534541335,0.5542497625830959,0.5134920634920634,0.4994543158101264
tl,404,1,0.5138888888888888,0.28733031674208154,0.566213272095625,0.526984126984127,0.5150654413812308
tl,404,2,0.5,0.26195899772209563,0.5322270322270323,0.5111111111111111,0.4936842105263158
tl,405,0,0.5,0.22021660649819508,0.5481601731601732,0.4839516129032258,0.4815153790794456
tl,405,1,0.5,0.21597096188747744,0.5071794871794872,0.4738709677419355,0.46527777777777773
tl,405,2,0.4722222222222222,0.1663619744058501,0.48193760262725777,0.4446236559139785,0.4444444444444444
tl,406,0,0.7638888888888888,0.6382978723404256,0.7503968253968254,0.7735071301247771,0.755934756636019
tl,406,1,0.7777777777777778,0.6613756613756614,0.7669753086419754,0.7943404634581105,0.7718531075623022
tl,406,2,0.7777777777777778,0.6577540106951871,0.7747432306255835,0.7886586452762924,0.7763414261110114
tl,407,0,0.9444444444444444,0.9155920281359906,0.9361111111111112,0.9433205619412517,0.938656164220074
tl,407,1,0.9444444444444444,0.9155920281359906,0.9361111111111112,0.9433205619412517,0.938656164220074
tl,407,2,0.9583333333333334,0.9365638766519824,0.9515789473684211,0.956653895274585,0.9537916864232653
tl,408,0,0.5972222222222222,0.4046193327630453,0.5909417450365726,0.6116859099315239,0.5660913013854191
tl,408,1,0.6388888888888888,0.461759631972398,0.6365079365079365,0.6449492677562852,0.6175874082369043
tl,408,2,0.6666666666666666,0.500578034682081,0.6745852187028657,0.6696406257809766,0.6385261879653596
tl,409,0,0.4861111111111111,0.23972602739726034,0.5013227513227513,0.5148809523809524,0.48658078368223295
tl,409,1,0.5138888888888888,0.27083333333333337,0.526618174151381,0.5297619047619048,0.510420590081607
tl,409,2,0.5277777777777778,0.2989690721649485,0.5348148148148149,0.5595238095238095,0.5288138072253913
tl,410,0,0.5972222222222222,0.39160839160839156,0.6003302253302253,0.6268518518518519,0.6099206349206349
tl,410,1,0.6111111111111112,0.41565217391304354,0.6414407230196704,0.6444444444444445,0.6307381065275802
tl,410,2,0.5972222222222222,0.4020618556701031,0.611111111111111,0.637962962962963,0.6058201058201058
tl,411,0,0.4166666666666667,0.11189427312775335,0.39192546583850935,0.40319284802043426,0.3867912236814676
tl,411,1,0.4583333333333333,0.1750881316098708,0.4428064428064428,0.44469987228607916,0.4215969215969216
tl,411,2,0.4583333333333333,0.17870722433460084,0.43984126984126987,0.45172413793103444,0.427541640477687
tl,412,0,0.5277777777777778,0.27595385980479137,0.542022792022792,0.5096214896214897,0.4964590964590964
tl,412,1,0.5416666666666666,0.30097087378640774,0.6217146433041302,0.5295970695970696,0.5121773738453771
tl,412,2,0.5416666666666666,0.30220264317180623,0.5420063807160581,0.5295726495726496,0.525647266519981
tl,413,0,0.6944444444444444,0.5416666666666667,0.6954156954156954,0.7380952380952381,0.7022222222222222
tl,413,1,0.7222222222222222,0.5833333333333333,0.7222222222222222,0.7619047619047619,0.7282051282051283
tl,413,2,0.7083333333333334,0.5609756097560976,0.7095349631581516,0.7410714285714285,0.7133799533799534
tl,414,0,0.6666666666666666,0.4956217162872154,0.654049654049654,0.6556437389770723,0.6533644133644133
tl,414,1,0.625,0.43356643356643354,0.6117216117216118,0.615079365079365,0.6110304789550073
tl,414,2,0.6111111111111112,0.4196891191709845,0.6259259259259259,0.61331569664903,0.6074074074074073
tl,415,0,0.4722222222222222,0.20302942033207105,0.46033562166285275,0.46049382716049386,0.4577156177156177
tl,415,1,0.4861111111111111,0.2244541484716156,0.474275865617122,0.47382716049382717,0.46991104133961276
tl,415,2,0.4722222222222222,0.20488230165649524,0.4625220458553792,0.45950617283950623,0.4600546910446481
tl,416,0,0.7916666666666666,0.6837481698389458,0.8352470117176,0.7878144078144079,0.7933140344401054
tl,416,1,0.7638888888888888,0.6481747628628916,0.7761108623177589,0.7728693528693529,0.7639716312056738
tl,416,2,0.7638888888888888,0.648780487804878,0.7816679379608441,0.7733821733821733,0.7631808278867104
tl,417,0,0.4305555555555556,0.15294117647058825,0.4334567901234568,0.450046685340803,0.43011812220965173
tl,417,1,0.4166666666666667,0.12727272727272732,0.41818181818181815,0.4308797593111319,0.4172763445000642
tl,417,2,0.4305555555555556,0.15074798619102414,0.4324980574980575,0.45048760244838676,0.43211882248427097
tl,418,0,0.7916666666666666,0.6864111498257839,0.7876254180602006,0.7946428571428571,0.7806826434277414
tl,418,1,0.8055555555555556,0.7052631578947368,0.7958553791887125,0.8065476190476191,0.7950733950733951
tl,418,2,0.7777777777777778,0.6678200692041523,0.7826811594202899,0.7916666666666666,0.7713828495751022
tl,419,0,0.7916666666666666,0.6749924766777009,0.752740881298756,0.7579831433998101,0.7510737628384687
tl,419,1,0.7638888888888888,0.6294277929155314,0.7473389355742297,0.7332917853751187,0.7301224374580996
tl,419,2,0.7638888888888888,0.6294277929155314,0.7473389355742297,0.7332917853751187,0.7301224374580996
tl,420,0,0.4722222222222222,0.23809523809523814,0.47510822510822504,0.5385878489326764,0.4523765086475053
tl,420,1,0.4722222222222222,0.23809523809523814,0.48328108672936265,0.5385878489326764,0.45108515027810697
tl,420,2,0.5138888888888888,0.2893401015228426,0.5296296296296297,0.5607553366174055,0.5097684999330925
tl,421,0,0.75,0.6200527704485488,0.7502255639097744,0.7567099567099568,0.7352948767582914
tl,421,1,0.7638888888888888,0.6381909547738693,0.7449965493443754,0.7647907647907649,0.7455026455026456
tl,421,2,0.7361111111111112,0.6002337814143776,0.7197802197802198,0.7259740259740259,0.7083333333333334
tl,422,0,0.6388888888888888,0.4487632508833922,0.6189438738458346,0.6148148148148148,0.6148190990296253
tl,422,1,0.6527777777777778,0.47089947089947093,0.6358024691358025,0.6333333333333333,0.6331269349845201
tl,422,2,0.6111111111111112,0.3989266547406083,0.6001763668430334,0.5731481481481482,0.5684479560483129
tl,423,0,0.8888888888888888,0.8288770053475936,0.8794480755265068,0.8995098039215685,0.8832232795366436
tl,423,1,0.875,0.8078291814946619,0.8618233618233618,0.8843582887700535,0.8672517394054395
tl,423,2,0.875,0.8007380073800738,0.8749110953058321,0.8572860962566845,0.8639857437306767
tl,424,0,0.5555555555555556,0.33333333333333337,0.5533574879227053,0.5617283950617283,0.5525518925518925
tl,424,1,0.5694444444444444,0.3507853403141361,0.5628399378399379,0.5679012345679012,0.5630164015291651
tl,424,2,0.5416666666666666,0.3052631578947368,0.5361111111111111,0.5308641975308642,0.5322700691121743
tl,425,0,0.8888888888888888,0.8297872340425532,0.8774744572158365,0.8703703703703703,0.8726268285091815
tl,425,1,0.9027777777777778,0.8514588859416445,0.8922346716464364,0.8888888888888888,0.8902356902356902
tl,425,2,0.8611111111111112,0.7883597883597884,0.8444189016602809,0.8456790123456791,0.8442205942205941
tl,426,0,0.5138888888888888,0.2468619246861924,0.4984126984126984,0.493202614379085,0.4940217758842227
tl,426,1,0.4861111111111111,0.218080422659231,0.4773809523809524,0.4776470588235295,0.4669637551990493
tl,426,2,0.4861111111111111,0.22580645161290314,0.4824561403508772,0.48614379084967324,0.4713798890554339
tl,427,0,0.8333333333333334,0.7421665174574754,0.8255122655122656,0.8184223184223184,0.8052686331756099
tl,427,1,0.8333333333333334,0.7430865298840321,0.8162500000000001,0.8184223184223184,0.8037368316438084
tl,427,2,0.7916666666666666,0.683377308707124,0.7761654135338346,0.7938912938912939,0.7753145253526497
tl,428,0,0.7222222222222222,0.5667870036101084,0.6875331564986737,0.6815476190476191,0.6823956442831216
tl,428,1,0.6805555555555556,0.49818181818181817,0.6337228494091239,0.6279761904761905,0.6239455486767315
tl,428,2,0.6805555555555556,0.5,0.6561904761904761,0.6369047619047619,0.639812319057602
tl,429,0,0.7361111111111112,0.6025566531086577,0.7934362934362934,0.7332944832944833,0.7364970481468563
tl,429,1,0.8194444444444444,0.7271137026239067,0.8361270753512132,0.8138111888111887,0.8164555774462894
tl,429,2,0.8194444444444444,0.7271137026239067,0.8359477124183007,0.8150738150738152,0.8194226408512123
tl,430,0,0.6111111111111112,0.41446413011908223,0.6087045570916539,0.6062310449407223,0.5912166036005045
tl,430,1,0.5972222222222222,0.3905429071803852,0.5918472652218782,0.58607664736697,0.5705882352941175
tl,430,2,0.5972222222222222,0.38023152270703475,0.5668070941904614,0.570471464019851,0.565829346092504
tl,431,0,0.9166666666666666,0.873090481786134,0.9267399267399267,0.9267399267399267,0.9259259259259259
tl,431,1,0.9166666666666666,0.8732394366197183,0.9305555555555557,0.9276556776556776,0.9258241758241758
tl,431,2,0.9027777777777778,0.852199413489736,0.9209911173445535,0.9157509157509157,0.913312693498452
tl,432,0,0.7638888888888888,0.6350626118067979,0.7875414781297135,0.7519373797264263,0.7592592592592592
tl,432,1,0.7916666666666666,0.6779964221824687,0.8106787330316743,0.7762521454205024,0.782716049382716
tl,432,2,0.7777777777777778,0.6619718309859155,0.7682539682539682,0.7756800332865241,0.7699067488541173
tl,433,0,0.6944444444444444,0.5392670157068062,0.7438271604938271,0.688719806763285,0.6658119658119658
tl,433,1,0.6944444444444444,0.5396687009590235,0.7472072072072072,0.6898792270531401,0.6731843020367609
tl,433,2,0.6944444444444444,0.5392670157068062,0.7438271604938271,0.688719806763285,0.6658119658119658
tl,434,0,0.8472222222222222,0.7687591240875913,0.8446224256292906,0.8518263090676884,0.8390832675661116
tl,434,1,0.875,0.8106370543541789,0.869507886749266,0.8784929757343551,0.86904047976012
tl,434,2,0.8472222222222222,0.7690288713910761,0.8452273863068465,0.8536653895274585,0.8419400056069527
tl,435,0,0.7777777777777778,0.665893271461717,0.7787978305219685,0.7879273504273504,0.7682959627232072
tl,435,1,0.7916666666666666,0.6876807403123193,0.794168391994479,0.8087606837606837,0.784704765096922
tl,435,2,0.7638888888888888,0.6339712918660287,0.75,0.7442307692307693,0.7463978494623656
tl,436,0,0.7083333333333334,0.5586690017513135,0.7017762162689699,0.7166666666666667,0.7058915018041558
tl,436,1,0.6805555555555556,0.5183246073298429,0.6851851851851851,0.6898148148148148,0.6823082509357019
tl,436,2,0.7083333333333334,0.5539823008849557,0.7051085568326948,0.7046296296296296,0.7047093790435195
tl,437,0,0.8333333333333334,0.7469244288224957,0.8868421052631579,0.8461538461538461,0.8350427350427351
tl,437,1,0.9027777777777778,0.8528467153284671,0.9062962962962962,0.9116809116809117,0.9086643204290263
tl,437,2,0.9027777777777778,0.8525884761626207,0.9227272727272728,0.9102564102564102,0.9062678062678063
tl,438,0,0.7083333333333334,0.5680000000000001,0.745940170940171,0.7235897435897436,0.6963157894736843
tl,438,1,0.6944444444444444,0.5469107551487414,0.7218720821661998,0.7077167277167277,0.6837917637917638
tl,438,2,0.75,0.627906976744186,0.7733870967741936,0.7605372405372406,0.7454904413297526
tl,439,0,0.6388888888888888,0.44152744630071605,0.6519257616818593,0.6076388888888888,0.593542260208927
tl,439,1,0.6388888888888888,0.4454976303317535,0.6508658008658008,0.6180555555555555,0.6037299091544374
tl,439,2,0.6527777777777778,0.46172248803827753,0.6583735909822866,0.6180555555555555,0.6049242424242425
tl,440,0,0.5416666666666666,0.274282223579719,0.5948830409356726,0.5323541932737336,0.5479240299257858
tl,440,1,0.5972222222222222,0.36496350364963503,0.6560846560846562,0.5970093656875266,0.6076309710112526
tl,440,2,0.5972222222222222,0.36592772547828734,0.6416452102726612,0.5902245636441039,0.6067019400352733
tl,441,0,0.5972222222222222,0.39160839160839167,0.5984848484848485,0.6398809523809524,0.6031746031746031
tl,441,1,0.5416666666666666,0.3160621761658031,0.5308641975308642,0.5861950549450549,0.5310233379683565
tl,441,2,0.5972222222222222,0.3905429071803852,0.60351966873706,0.6422847985347985,0.6074715408048742
tl,442,0,0.6805555555555556,0.5160724722384571,0.679089026915114,0.6828282828282828,0.6794974605720396
tl,442,1,0.6111111111111112,0.4210224009190121,0.6196092796092796,0.6217171717171718,0.6100762527233116
tl,442,2,0.6805555555555556,0.5219399538106235,0.6904761904761904,0.693939393939394,0.6825396825396824
tl,443,0,0.6944444444444444,0.545219638242894,0.7246913580246913,0.7096741854636592,0.6903834260977119
tl,443,1,0.6666666666666666,0.4995655951346656,0.7081697673095523,0.6689473684210526,0.6624089085400802
tl,443,2,0.6805555555555556,0.5261802575107297,0.7316892212725546,0.6963408521303259,0.6751727804359383
tl,444,0,0.4861111111111111,0.23711340206185572,0.5228174603174603,0.4938684503901895,0.47998248741282795
tl,444,1,0.4444444444444444,0.17383820998278843,0.4830227743271222,0.44871794871794873,0.4443528235882059
tl,444,2,0.4444444444444444,0.17525773195876293,0.48859126984126977,0.4503901895206243,0.44171748444194264
tl,445,0,0.8611111111111112,0.7864768683274022,0.876984126984127,0.8344110275689224,0.8386894655994827
tl,445,1,0.8611111111111112,0.7864768683274022,0.876984126984127,0.8344110275689224,0.8386894655994827
tl,445,2,0.8611111111111112,0.7864768683274022,0.876984126984127,0.8344110275689224,0.8386894655994827
tl,446,0,0.4861111111111111,0.2269297736506094,0.4868686868686869,0.4671161176537521,0.46273363146428165
tl,446,1,0.4444444444444444,0.18941739375175903,0.49180502341421883,0.44472890709449847,0.4360755279442398
tl,446,2,0.4583333333333333,0.20385596824496743,0.49648786717752236,0.45707458610684415,0.44634517013863145
tl,447,0,0.5277777777777778,0.2748815165876777,0.5165642601126472,0.5207088809239347,0.5113588446131141
tl,447,1,0.5694444444444444,0.3469865418373318,0.563631483921339,0.5822665983956307,0.5620689655172414
tl,447,2,0.5416666666666666,0.29095792300805723,0.5294117647058824,0.529868578255675,0.5204553900206075
tl,448,0,0.5833333333333334,0.3090211132437619,0.5416666666666666,0.5198412698412699,0.5258919396850431
tl,448,1,0.5833333333333334,0.3264733395696914,0.5418918918918919,0.5394179894179895,0.5405056242343246
tl,448,2,0.5833333333333334,0.3264733395696914,0.5418918918918919,0.5394179894179895,0.5405056242343246
tl,449,0,0.6388888888888888,0.4516695957820739,0.6356107660455487,0.6414109121909634,0.6328282828282829
tl,449,1,0.6388888888888888,0.46345657781599303,0.6508424908424909,0.6546781756180734,0.634578359645745
tl,449,2,0.625,0.44234079173838203,0.6381559220389805,0.6391464194373402,0.6192307692307693
tl,450,0,0.5277777777777778,0.26750448833034113,0.5228291316526611,0.5160256410256411,0.5068025127440771
tl,450,1,0.5555555555555556,0.2992700729927007,0.545923632610939,0.5368589743589743,0.5306040795913264
tl,450,2,0.5,0.22994652406417115,0.4966329966329966,0.4951923076923077,0.48461538461538467
tl,451,0,0.5277777777777778,0.3267326732673267,0.6735042735042734,0.5878787878787879,0.48158966716343765
tl,451,1,0.5138888888888888,0.30654925701706115,0.664080459770115,0.5712121212121213,0.4689887685279391
tl,451,2,0.5555555555555556,0.36598789212988436,0.6822822822822823,0.6146464646464647,0.5225885225885225
tl,452,0,0.8472222222222222,0.7695664823974396,0.875095785440613,0.8427267847557701,0.8324160073386079
tl,452,1,0.8333333333333334,0.7482517482517482,0.8629032258064516,0.827575269604255,0.8195913154533844
tl,452,2,0.8472222222222222,0.7695664823974396,0.875095785440613,0.8427267847557701,0.8324160073386079
tl,453,0,0.6388888888888888,0.4200743494423792,0.7161172161172161,0.6756764740635708,0.6927609427609428
tl,453,1,0.6666666666666666,0.4616822429906542,0.7451219512195122,0.6948777029422191,0.7083333333333334
tl,453,2,0.625,0.4055045871559634,0.7146825396825397,0.6718362282878413,0.6781045751633986
tl,454,0,0.7638888888888888,0.6384047267355983,0.7523116909081821,0.7847041847041848,0.7587215044842163
tl,454,1,0.7222222222222222,0.5801749271137027,0.7385407964355334,0.7503896103896103,0.715491452991453
tl,454,2,0.7638888888888888,0.6395759717314488,0.7512820512820513,0.7847041847041848,0.7566190317935084
tl,455,0,0.5833333333333334,0.3571428571428572,0.5535714285714285,0.5523504273504273,0.5524159216687953
tl,455,1,0.5972222222222222,0.37559808612440193,0.5870547581073897,0.5605769230769231,0.5581501831501832
tl,455,2,0.5972222222222222,0.37334933973589435,0.5731746031746032,0.5588675213675214,0.5570009225746931
tl,456,0,0.8055555555555556,0.704225352112676,0.7905549487699589,0.7873015873015873,0.7869764501343449
tl,456,1,0.8055555555555556,0.7038777908343126,0.8117490696438064,0.7928571428571428,0.7965561062396747
tl,456,2,0.7916666666666666,0.6793349168646081,0.7966966966966967,0.7666666666666666,0.7694305694305695
tl,457,0,0.6388888888888888,0.43918514080287596,0.6199346405228757,0.6000455140240086,0.6020321876704856
tl,457,1,0.5972222222222222,0.3739130434782608,0.6046783625730994,0.5614154861466689,0.5594453855323421
tl,457,2,0.6805555555555556,0.5012048192771085,0.6423611111111112,0.6370825510610457,0.6381574852163087
tl,458,0,0.7916666666666666,0.688401615695326,0.7951631701631703,0.820009350163628,0.793939393939394
tl,458,1,0.8472222222222222,0.7662337662337663,0.8505050505050505,0.8630201028518,0.8556801840667242
tl,458,2,0.8611111111111112,0.7866666666666666,0.8680866388846016,0.873772791023843,0.8705608834641092
tl,459,0,0.7777777777777778,0.6614751689685572,0.7731738969225065,0.7572161172161173,0.7465367965367965
tl,459,1,0.8055555555555556,0.7039647577092512,0.8164983164983165,0.7864224664224664,0.7797690634385495
tl,459,2,0.7916666666666666,0.6823529411764706,0.8008658008658008,0.7705494505494506,0.7596583652618135
tl,460,0,0.5277777777777778,0.29166666666666663,0.5277777777777778,0.5394909688013136,0.5222544750846638
tl,460,1,0.5833333333333334,0.3484162895927603,0.5888198757763975,0.5747400109469075,0.5779031440162272
tl,460,2,0.5833333333333334,0.3567599761762954,0.5726333544170356,0.5751505199781062,0.5717948717948719
tl,461,0,0.7638888888888888,0.6218721037998147,0.7599380905832519,0.7061728395061729,0.71341313470249
tl,461,1,0.7638888888888888,0.6169014084507043,0.788698955365622,0.6938271604938272,0.7008664979679473
tl,461,2,0.7638888888888888,0.6179775280898876,0.7833333333333333,0.6950617283950619,0.7004632794106479
tl,500,0,0.5972222222222222,0.4091680814940577,0.7275132275132276,0.6243471582181259,0.615696131825164
tl,500,1,0.6666666666666666,0.49056603773584906,0.7369175627240144,0.6670762928827445,0.6683064516129033
tl,500,2,0.6527777777777778,0.4710549515133705,0.7275985663082437,0.6563236047107015,0.6568962284367298
tl,501,0,0.6666666666666666,0.49650349650349657,0.7235576923076922,0.6638795986622074,0.6747246895030147
tl,501,1,0.6388888888888888,0.45739130434782616,0.7051282051282052,0.6399108138238573,0.6513198513198514
tl,501,2,0.6388888888888888,0.4564459930313588,0.7077572964669739,0.6382385730211816,0.6481481481481483
tl,502,0,0.5972222222222222,0.39513325608342986,0.6881977671451356,0.603181574196067,0.6088861774217884
tl,502,1,0.6111111111111112,0.4153132250580046,0.6983940462201331,0.6155272532084126,0.6219607843137256
tl,502,2,0.5833333333333334,0.37117903930131,0.678021978021978,0.5837359098228664,0.5948095134822525
tl,503,0,0.8888888888888888,0.8293838862559242,0.8923611111111112,0.8819984744469872,0.8865187768413575
tl,503,1,0.9027777777777778,0.8523293290360388,0.9012539184952978,0.9025934401220442,0.8996893281721724
tl,503,2,0.875,0.810359964881475,0.87856071964018,0.8769895753877447,0.8737040999555781
tl,504,0,0.6805555555555556,0.5306122448979591,0.7210433244916002,0.7026369687660011,0.6801690821256039
tl,504,1,0.6944444444444444,0.5492316448491747,0.7326388888888888,0.7098566308243727,0.6935042735042735
tl,504,2,0.6666666666666666,0.5103428733352224,0.708994708994709,0.6867639528929851,0.6665641433878516
tl,505,0,0.5972222222222222,0.39670615429066747,0.6031497238393789,0.5883228419460304,0.5903459773891667
tl,505,1,0.5555555555555556,0.3331403762662808,0.553719806763285,0.5420387449372956,0.5466230936819172
tl,505,2,0.5833333333333334,0.3755420641803989,0.5895199876524155,0.5731713267945152,0.5737698873587376
tl,506,0,0.6666666666666666,0.5071306332002281,0.7235294117647059,0.7029185867895545,0.688229707837551
tl,506,1,0.6388888888888888,0.47430497051390064,0.7230769230769231,0.6873271889400921,0.6592029930276062
tl,506,2,0.6527777777777778,0.4817160955945867,0.7012622720897616,0.6803379416282641,0.6758840288252053
tl,507,0,0.7638888888888888,0.6483769031887389,0.7668067226890756,0.7631578947368421,0.7476496783770411
tl,507,1,0.7777777777777778,0.6683937823834196,0.7777777777777778,0.7759784075573549,0.7628458498023716
tl,507,2,0.7361111111111112,0.5989445910290238,0.7098765432098766,0.7091767881241565,0.7093319734829168
tl,508,0,0.5972222222222222,0.39583333333333337,0.5906684815486993,0.5972222222222222,0.5897871873628785
tl,508,1,0.5833333333333334,0.375,0.6047322775263951,0.5833333333333334,0.5681571815718157
tl,508,2,0.5972222222222222,0.39583333333333337,0.5979302832244008,0.5972222222222222,0.58558491317112
tl,509,0,0.7916666666666666,0.6810395747194329,0.8116452991452991,0.7914145997176849,0.7989346246973366
tl,509,1,0.7222222222222222,0.5728270542865619,0.7478991596638656,0.7243647912885662,0.7328042328042329
tl,509,2,0.7222222222222222,0.5759717314487632,0.7354166666666666,0.7304143980641258,0.7302851974983122
tl,510,0,0.4722222222222222,0.1820627802690583,0.5546942291128337,0.4378478181723618,0.45031460031460036
tl,510,1,0.3472222222222222,0.033419023136246784,0.517361111111111,0.35343527331356944,0.3549318065447098
tl,510,2,0.4305555555555556,0.1151079136690647,0.5450885668276972,0.39938627971082336,0.4019421101774043
tl,511,0,0.75,0.628972230174635,0.7962231005709267,0.7615628815628815,0.7519741410566034
tl,511,1,0.7361111111111112,0.6065573770491803,0.7802469135802469,0.7421245421245422,0.736866444691084
tl,511,2,0.7222222222222222,0.581151832460733,0.7611408199643493,0.7176068376068376,0.7216613096363522
tl,512,0,0.5555555555555556,0.3352567801500288,0.677938808373591,0.5571497584541063,0.5337415971562313
tl,512,1,0.6527777777777778,0.48021946289344497,0.7129987129987129,0.6522463768115943,0.6506426178557326
tl,512,2,0.6388888888888888,0.4600519180847996,0.7054445750097923,0.6394685990338164,0.6305664181644225
tl,513,0,0.625,0.4365217391304348,0.6518518518518518,0.6217582417582418,0.6282207456626061
tl,513,1,0.6111111111111112,0.4253135689851767,0.6699074074074073,0.6236874236874237,0.6166458918593762
tl,513,2,0.6111111111111112,0.4223495702005732,0.64614898989899,0.6175824175824176,0.615681829262347
mtl,431,0,0.8194444444444444,0.7261556465769456,0.821604938271605,0.8331298331298331,0.8263501891984865
mtl,431,1,0.6527777777777778,0.4614003590664273,0.8427672955974842,0.6737891737891738,0.6018812463256907
mtl,431,2,0.8055555555555556,0.704225352112676,0.842296918767507,0.8182743182743183,0.8170569867291179
mtl,411,0,0.5,0.2551724137931035,0.5049624060150376,0.5164750957854406,0.4982677011662518
mtl,411,1,0.3611111111111111,0.053173241852487174,0.35838779956427014,0.38112388250319285,0.30835769980506816
mtl,411,2,0.5,0.1977715877437326,0.4691358024691357,0.4440613026819924,0.3970128881539228
mtl,403,0,0.6388888888888888,0.44631765749778163,0.6513947327411563,0.6486451344463515,0.6487528344671202
mtl,403,1,0.5694444444444444,0.307906976744186,0.7427248677248676,0.544130649607323,0.5381050322226794
mtl,403,2,0.4722222222222222,0.18933333333333335,0.46786185810576053,0.45657148801165026,0.442009809110476
mtl,416,0,0.6527777777777778,0.4716759612562371,0.71002886002886,0.6413186813186814,0.6400913802509548
mtl,416,1,0.5694444444444444,0.3307346326836581,0.4173321502514049,0.5348717948717948,0.45444444444444443
mtl,416,2,0.6388888888888888,0.4693877551020408,0.6981074481074482,0.6569719169719169,0.6298754131706077
mtl,425,0,0.6805555555555556,0.5306122448979591,0.7229166666666668,0.6975308641975309,0.6822695035460993
mtl,425,1,0.4861111111111111,0.21693121693121697,0.611111111111111,0.4691358024691357,0.4135828329376716
mtl,425,2,0.7222222222222222,0.5755968169761273,0.7175209264992547,0.7037037037037036,0.6974925235794801
mtl,426,0,0.3194444444444444,0.005917159763313751,0.3687370600414079,0.32209150326797387,0.32236736010320916
mtl,426,1,0.4305555555555556,0.07980049875311723,0.47359584859584863,0.38287581699346407,0.33030638612033963
mtl,426,2,0.4166666666666667,0.12347826086956526,0.4691358024691357,0.41620915032679745,0.3516821055013984
mtl,506,0,0.5,0.2739495798319328,0.5383597883597884,0.5309011776753713,0.47398211290500153
mtl,506,1,0.4305555555555556,0.20538358008075375,0.6809923130677847,0.5004352278545827,0.39830669710806693
mtl,506,2,0.4583333333333333,0.08055009823182702,0.3588709677419355,0.3804403481822836,0.3156593746137684
mtl,501,0,0.6111111111111112,0.41310043668122276,0.6068775648018285,0.6059085841694537,0.6022151525863084
mtl,501,1,0.4861111111111111,0.20430107526881724,0.5777777777777778,0.463768115942029,0.38983321587972747
mtl,501,2,0.4166666666666667,0.13772455089820368,0.7354497354497355,0.42474916387959866,0.3450880902043693
mtl,451,0,0.5972222222222222,0.4098360655737705,0.6303896103896104,0.6282828282828282,0.5922558922558923
mtl,451,1,0.3472222222222222,0.047833427124367,0.6076923076923076,0.3681818181818182,0.24822112753147232
mtl,451,2,0.5277777777777778,0.33333333333333337,0.7103174603174603,0.5939393939393939,0.4892426315134934
mtl,511,0,0.5694444444444444,0.35416666666666663,0.5649675162418791,0.5770940170940171,0.5669252915629728
mtl,511,1,0.5138888888888888,0.242560865644725,0.41286549707602344,0.48051282051282057,0.40080321285140563
mtl,511,2,0.4722222222222222,0.2391546162402669,0.6675084175084175,0.5010500610500611,0.4499484004127967
mtl,507,0,0.5416666666666666,0.28498344869094194,0.4587719298245614,0.4966261808367072,0.44753086419753085
mtl,507,1,0.625,0.40785866585440145,0.4349104517508688,0.5660018993352326,0.48636991028295373
mtl,507,2,0.5833333333333334,0.39529675251959695,0.6640319180969587,0.603113910131454,0.5283950617283951
mtl,455,0,0.4583333333333333,0.18514219384793973,0.47793964076858814,0.4375,0.4435970100994731
mtl,455,1,0.4444444444444444,0.14994096812278634,0.4932539682539683,0.41773504273504275,0.347126676394969
mtl,455,2,0.5277777777777778,0.24116553006819585,0.5203050917336632,0.4747863247863248,0.4585255919921698
mtl,405,0,0.3333333333333333,0.013698630136986356,0.34722222222222227,0.3544354838709678,0.332916511135996
mtl,405,1,0.4027777777777778,0.10880829015544047,0.32365591397849464,0.43166666666666664,0.3300913645741232
mtl,405,2,0.4305555555555556,0.04373177842565601,0.352046783625731,0.35373655913978497,0.3049062049062049
mtl,429,0,0.6944444444444444,0.5406032482598608,0.722990271377368,0.6958041958041958,0.6893424036281179
mtl,429,1,0.5277777777777778,0.27445168938944875,0.42142857142857143,0.5151515151515151,0.4275983300373545
mtl,429,2,0.5833333333333334,0.37644341801385683,0.7510683760683761,0.5897435897435898,0.5634674922600619
mtl,418,0,0.8055555555555556,0.711340206185567,0.8215488215488215,0.8244047619047619,0.7998784009727923
mtl,418,1,0.5416666666666666,0.27737226277372273,0.7275862068965516,0.5267857142857143,0.47987477638640436
mtl,418,2,0.7083333333333334,0.5483870967741935,0.6962121212121213,0.6875,0.688504250905097
mtl,434,0,0.7777777777777778,0.6534296028880866,0.7592592592592592,0.736653895274585,0.7370661084946799
mtl,434,1,0.5416666666666666,0.26027397260273977,0.6518379281537175,0.4996168582375479,0.47506708407871195
mtl,434,2,0.6805555555555556,0.5041916167664671,0.6613675213675214,0.6317752234993614,0.6156813865147198
mtl,400,0,0.4722222222222222,0.24503311258278138,0.546950710108605,0.4877518315018315,0.4718065003779289
mtl,400,1,0.4583333333333333,0.21999999999999997,0.6103703703703703,0.5061813186813187,0.39193026434120054
mtl,400,2,0.5,0.1910112359550562,0.6041666666666666,0.4563873626373627,0.4393631436314363
mtl,438,0,0.6805555555555556,0.5150805270863836,0.6966810966810967,0.6684737484737484,0.6703049035706238
mtl,438,1,0.6111111111111112,0.4017804154302671,0.66687552213868,0.5870573870573871,0.5621360354064756
mtl,438,2,0.6805555555555556,0.5282051282051282,0.7222222222222222,0.6954090354090354,0.6775403978586353
mtl,513,0,0.6111111111111112,0.40897097625329815,0.6058080808080808,0.5972405372405373,0.594129930691674
mtl,513,1,0.5277777777777778,0.26596701649175414,0.7615834457939722,0.4989255189255189,0.45175668348451015
mtl,513,2,0.4305555555555556,0.17977215893303689,0.6005291005291006,0.4620757020757021,0.39518398268398264
mtl,449,0,0.5277777777777778,0.30375426621160406,0.6313621313621313,0.5479273231031543,0.5225627926777352
mtl,449,1,0.4861111111111111,0.1574952561669829,0.5261437908496731,0.4370737425404944,0.39488615959204193
mtl,449,2,0.5138888888888888,0.2802056555269924,0.5815462315462315,0.5272005541346974,0.49785102266445547
mtl,461,0,0.6388888888888888,0.4606741573033708,0.6454241015644524,0.6395061728395062,0.6228101182613657
mtl,461,1,0.5277777777777778,0.26750448833034124,0.5251207729468599,0.49382716049382713,0.4407078301815144
mtl,461,2,0.6805555555555556,0.4977252047315742,0.7064266356949283,0.6530864197530865,0.6539869281045751
mtl,407,0,0.9166666666666666,0.8739054290718038,0.9123376623376623,0.9184929757343551,0.9111795446061963
mtl,407,1,0.5694444444444444,0.30640149160969543,0.7971751412429379,0.54,0.5054112554112554
mtl,407,2,0.6805555555555556,0.5028519963974782,0.8063973063973063,0.6443167305236271,0.6313887873990176
mtl,437,0,0.8194444444444444,0.7275902211874272,0.8267676767676768,0.835232668566002,0.8243257489783136
mtl,437,1,0.5694444444444444,0.3500291205591147,0.7340740740740741,0.5851451991802868,0.530782055400052
mtl,437,2,0.7638888888888888,0.6374407582938388,0.8222899728997289,0.7584345479082321,0.761437908496732
mtl,302,0,0.4444444444444444,0.17241379310344818,0.44634230503795713,0.45256410256410257,0.44312370338206203
mtl,302,1,0.3888888888888889,0.11853088480801344,0.6063829787234042,0.4166666666666667,0.33394508936797496
mtl,302,2,0.4166666666666667,0.10320284697508886,0.4249158249158249,0.39615384615384613,0.3857142857142857
mtl,424,0,0.4305555555555556,0.14360313315926898,0.4256661991584853,0.419753086419753,0.4148023549201009
mtl,424,1,0.3888888888888889,0.046070460704607075,0.5734767025089605,0.36419753086419754,0.27765887878247425
mtl,424,2,0.4583333333333333,0.1544715447154471,0.5161425576519917,0.425925925925926,0.40155155155155153
mtl,446,0,0.3472222222222222,0.05422023476802684,0.3891402714932127,0.3697729988052569,0.34013720197930725
mtl,446,1,0.4583333333333333,0.06493506493506485,0.37198067632850246,0.38095238095238093,0.28509803921568627
mtl,446,2,0.4305555555555556,0.09586523736600305,0.4345029239766081,0.3830289582977755,0.3314485400493103
mtl,448,0,0.3472222222222222,0.08885298869143787,0.36111111111111116,0.42116402116402113,0.34138083232059396
mtl,448,1,0.3194444444444444,0.06666666666666665,0.20370370370370372,0.3968253968253968,0.26101010101010097
mtl,448,2,0.5416666666666666,0.19348268839103866,0.47850297850297857,0.43333333333333335,0.42866161616161613
mtl,508,0,0.5,0.25,0.5286086673183448,0.5,0.4877665544332211
mtl,508,1,0.3611111111111111,0.04166666666666663,0.6144278606965173,0.3611111111111111,0.24278388278388277
mtl,508,2,0.3611111111111111,0.04166666666666685,0.3194444444444444,0.3611111111111111,0.26508620689655177
mtl,454,0,0.6111111111111112,0.44993178717598914,0.7115079365079365,0.6703607503607504,0.6101745045844424
mtl,454,1,0.5416666666666666,0.2396799999999999,0.6490566037735849,0.4891197691197691,0.4546912590216519
mtl,454,2,0.5277777777777778,0.30454545454545445,0.6776960784313726,0.5847907647907649,0.49824561403508766
mtl,306,0,0.6388888888888888,0.4550218340611353,0.6423963133640553,0.6348940914158305,0.6355414611228564
mtl,306,1,0.5277777777777778,0.2928942807625651,0.6049028490888956,0.5256410256410257,0.5012626262626262
mtl,306,2,0.5277777777777778,0.29228100607111873,0.5372111241676459,0.5256410256410257,0.5072562358276644
mtl,512,0,0.4583333333333333,0.18348357080546662,0.4439139404656646,0.452463768115942,0.43747538275840164
mtl,512,1,0.4027777777777778,0.10286873370037675,0.4527363184079602,0.39999999999999997,0.28693528693528697
mtl,512,2,0.3888888888888889,0.10051107325383302,0.7810945273631841,0.40222222222222226,0.29124949124949123
mtl,500,0,0.5416666666666666,0.2936979785969084,0.5153769841269842,0.5257296466973886,0.5093065003779289
mtl,500,1,0.5694444444444444,0.27106466361855,0.47242921013412814,0.4920634920634921,0.4329710144927536
mtl,500,2,0.4583333333333333,0.23068493150684943,0.7399425287356323,0.5038402457757297,0.43874643874643876
mtl,443,0,0.6388888888888888,0.4511873350923483,0.6517556517556518,0.6352882205513785,0.6356334985385691
mtl,443,1,0.5972222222222222,0.36554238833181407,0.5470899470899471,0.5460401002506265,0.5166295906021934
mtl,443,2,0.5277777777777778,0.3216957605985037,0.6442890442890443,0.559749373433584,0.5319137953284295
mtl,433,0,0.6805555555555556,0.5205558772437753,0.7513888888888888,0.6785990338164251,0.6672248508804381
mtl,433,1,0.5,0.24099560761347005,0.7043650793650794,0.4921497584541063,0.4078665800303227
mtl,433,2,0.5277777777777778,0.2902290518991011,0.5865839243498817,0.5258454106280194,0.49417439596931184
mtl,445,0,0.75,0.6217162872154115,0.7475845410628019,0.7489473684210526,0.7472222222222221
mtl,445,1,0.6111111111111112,0.4186851211072665,0.6743055555555556,0.6156140350877193,0.5952380952380952
mtl,445,2,0.6527777777777778,0.47916666666666663,0.6597222222222222,0.6502005012531328,0.630204949877081
mtl,432,0,0.5833333333333334,0.3803786574870913,0.6364379084967321,0.5674052114214386,0.564208735110607
mtl,432,1,0.4305555555555556,0.14360313315926898,0.5676100628930817,0.420606438862017,0.34583972637770105
mtl,432,2,0.6111111111111112,0.38853503184713367,0.5979888746255884,0.5716700473292765,0.5686188651705892
mtl,422,0,0.6666666666666666,0.5051546391752577,0.6827601410934744,0.6787037037037037,0.6641067538126362
mtl,422,1,0.4027777777777778,0.12393887945670623,0.5695754716981133,0.41759259259259257,0.340463458110517
mtl,422,2,0.5555555555555556,0.2928176795580111,0.5043247654018768,0.5000000000000001,0.4857855853395834
mtl,440,0,0.6111111111111112,0.4007134363852556,0.6091679915209327,0.6000159642401022,0.5906120023767083
mtl,440,1,0.4722222222222222,0.15633672525439402,0.5010272213662045,0.4476905065985526,0.37568210844072913
mtl,440,2,0.4861111111111111,0.191747572815534,0.5208333333333334,0.4575351213282248,0.4459259259259259
mtl,421,0,0.6944444444444444,0.5376532399299474,0.7348111658456485,0.7017316017316017,0.6829755892255892
mtl,421,1,0.5416666666666666,0.20188108834397034,0.6571428571428571,0.45324675324675323,0.39675107501194457
mtl,421,2,0.6527777777777778,0.4508846857840145,0.5405179615705932,0.5728715728715729,0.5291005291005292
mtl,459,0,0.6388888888888888,0.45989613387189854,0.6509833971902937,0.6391697191697192,0.6350949104572292
mtl,459,1,0.4583333333333333,0.18324607329842935,0.5568627450980392,0.44454212454212455,0.39108187134502925
mtl,459,2,0.6111111111111112,0.4033737792246227,0.7205730777159349,0.5967032967032967,0.5899024024024024
mtl,301,0,0.5277777777777778,0.2904347826086957,0.5377585377585378,0.5218531468531468,0.52153788727137
mtl,301,1,0.4305555555555556,0.14086146682188605,0.47735042735042726,0.42239704739704736,0.37865100873230956
mtl,301,2,0.4166666666666667,0.14720812182741116,0.5555555555555555,0.4308469308469309,0.3910837700311384
mtl,307,0,0.3888888888888889,0.08173913043478254,0.38888888888888884,0.3849067599067599,0.3861741906064751
mtl,307,1,0.4027777777777778,0.09579439252336452,0.36978818283166115,0.3936480186480186,0.36195743254566787
mtl,307,2,0.4166666666666667,0.1330275229357798,0.4317460317460317,0.4230769230769231,0.4115384615384616
mtl,401,0,0.5277777777777778,0.32839506172839505,0.6118279569892473,0.5853535353535353,0.5171369917578209
mtl,401,1,0.4722222222222222,0.24,0.6270175438596491,0.5275252525252525,0.41962550786080194
mtl,401,2,0.6666666666666666,0.4725274725274725,0.6365740740740741,0.6265151515151515,0.6290180911499285
mtl,442,0,0.4722222222222222,0.2214001138303927,0.4894117647058824,0.49292929292929283,0.4734679032551374
mtl,442,1,0.4305555555555556,0.18181818181818188,0.6762452107279694,0.4737373737373738,0.3833333333333333
mtl,442,2,0.5555555555555556,0.275015733165513,0.6036087369420703,0.49747474747474746,0.4736507936507936
mtl,436,0,0.6111111111111112,0.42954159592529717,0.6453748006379585,0.6333333333333333,0.6087916096671226
mtl,436,1,0.4305555555555556,0.1744966442953021,0.6167929292929293,0.47129629629629627,0.38425925925925924
mtl,436,2,0.5,0.1985157699443415,0.4753276353276353,0.45555555555555555,0.42650700553926363
mtl,413,0,0.5694444444444444,0.38,0.6219497089062307,0.6309523809523809,0.5638082625170143
mtl,413,1,0.5694444444444444,0.34507042253521125,0.7035460992907802,0.5952380952380952,0.5365656565656566
mtl,413,2,0.5833333333333334,0.3661971830985915,0.6192307692307693,0.5982142857142857,0.5752605536005609
mtl,423,0,0.7916666666666666,0.6797153024911031,0.8039148351648352,0.7937834224598931,0.7717652717652718
mtl,423,1,0.5694444444444444,0.22338204592901878,0.7961309523809524,0.47348484848484845,0.4341910677314404
mtl,423,2,0.6388888888888888,0.44778761061946903,0.7560283687943263,0.6127450980392157,0.5864580937044704
mtl,439,0,0.5972222222222222,0.38588235294117645,0.6145431145431145,0.5833333333333334,0.5786919613705881
mtl,439,1,0.3472222222222222,0.025345622119815503,0.45098039215686275,0.34375,0.19411506368028109
mtl,439,2,0.5416666666666666,0.21635883905013198,0.3750907770515614,0.44097222222222227,0.3874078275666477
mtl,504,0,0.6666666666666666,0.48479427549194987,0.6467452300785634,0.6445724526369687,0.6319444444444445
mtl,504,1,0.4166666666666667,0.14864864864864857,0.3666666666666667,0.43010752688172044,0.3123743898937697
mtl,504,2,0.4027777777777778,0.15340442986054137,0.5887445887445887,0.4430875576036866,0.3854065270703641
mtl,419,0,0.5694444444444444,0.3839359646701628,0.6369895536562203,0.5913164767331435,0.5530864197530864
mtl,419,1,0.4583333333333333,0.17581449955972994,0.5906593406593407,0.45480175688509017,0.3685423010724216
mtl,419,2,0.7222222222222222,0.5443037974683544,0.7196969696969697,0.6525106837606837,0.6659801678108315
mtl,453,0,0.4166666666666667,0.14648602878916162,0.4264255457803845,0.44744771357674584,0.3924745564089826
mtl,453,1,0.4722222222222222,0.10588235294117643,0.32323232323232326,0.4102564102564103,0.31832157713872306
mtl,453,2,0.4027777777777778,0.029162746942615225,0.5840163934426229,0.38299066524872977,0.34856669547680785
mtl,458,0,0.7222222222222222,0.5873925501432664,0.7364346764346763,0.7392083528128409,0.7197940947940947
mtl,458,1,0.4444444444444444,0.19259882253994964,0.6753980482794043,0.48446833930704897,0.3883154505526247
mtl,458,2,0.6666666666666666,0.4536832121403731,0.767936507936508,0.6113448652018076,0.6267533030106129
mtl,441,0,0.5694444444444444,0.3485113835376532,0.5641510385158298,0.6008470695970697,0.5635956923273576
mtl,441,1,0.4583333333333333,0.056451612903225645,0.6181818181818182,0.37293956043956045,0.2989484292742438
mtl,441,2,0.4583333333333333,0.12030075187969924,0.6428571428571429,0.40762362637362637,0.3669135802469136
mtl,509,0,0.5555555555555556,0.32155477031802115,0.6378205128205128,0.5612270619076427,0.5422954671088999
mtl,509,1,0.5,0.18259224219489134,0.7700892857142857,0.45248538011695905,0.38839812517231875
mtl,509,2,0.6527777777777778,0.48732554827684427,0.7998423955870764,0.6944948578342407,0.6432700305939743
mtl,414,0,0.4861111111111111,0.23711340206185572,0.5018518518518519,0.4925044091710758,0.48638344226579516
mtl,414,1,0.4027777777777778,0.11568123393316199,0.2791666666666667,0.4166666666666667,0.3117801345649447
mtl,414,2,0.4861111111111111,0.1985559566787004,0.4380555555555556,0.45260141093474426,0.40715889049222387
mtl,420,0,0.4027777777777778,0.12319456244689897,0.4195402298850575,0.4318555008210181,0.3934776797647688
mtl,420,1,0.4027777777777778,0.019011406844106404,0.14215686274509803,0.3333333333333333,0.1993127147766323
mtl,420,2,0.5833333333333334,0.31232091690544417,0.5386904761904762,0.4950738916256157,0.46899923605805965
mtl,505,0,0.3888888888888889,0.0712401055408971,0.3643715550736424,0.37490850534328796,0.34704577535793507
mtl,505,1,0.4166666666666667,0.134020618556701,0.38095238095238093,0.4197530864197531,0.3079242032730405
mtl,505,2,0.3611111111111111,0.07122826696578799,0.4886334610472541,0.3822280778802518,0.31666666666666665
mtl,450,0,0.4583333333333333,0.18324607329842935,0.45714285714285713,0.43097527472527464,0.4315363881401617
mtl,450,1,0.4444444444444444,0.14893617021276595,0.5604288499025342,0.44219322344322337,0.38840028305441443
mtl,450,2,0.5,0.1692307692307693,0.5,0.4210164835164835,0.41005291005291006
mtl,412,0,0.4861111111111111,0.2282734646581691,0.521082621082621,0.4767277167277168,0.4618622740791581
mtl,412,1,0.375,0.027902790279027978,0.5410447761194029,0.3497191697191697,0.23151916184174245
mtl,412,2,0.4027777777777778,0.08266666666666667,0.28603006189213087,0.38358974358974357,0.2873030583873957
mtl,410,0,0.5833333333333334,0.3760831889081456,0.6192425508214981,0.6222222222222222,0.6038390085000255
mtl,410,1,0.5138888888888888,0.2869269949066213,0.4689265536723164,0.5740740740740741,0.47234097681046766
mtl,410,2,0.5833333333333334,0.33579335793357934,0.6666666666666666,0.5750000000000001,0.5912280701754385
mtl,415,0,0.5,0.24607329842931935,0.4971514242878561,0.4928395061728395,0.4928395061728395
mtl,415,1,0.4583333333333333,0.18914236211377422,0.6312217194570136,0.4637037037037037,0.4012870012870013
mtl,415,2,0.4583333333333333,0.16453436477238925,0.4687257187257187,0.43456790123456784,0.4258785033432921
mtl,430,0,0.4444444444444444,0.21074266922444496,0.5186615186615186,0.48359525778880624,0.44656604231072317
mtl,430,1,0.4444444444444444,0.1544333529066353,0.6583034647550777,0.4551971326164874,0.35669191919191917
mtl,430,2,0.5,0.1504424778761062,0.563231850117096,0.42037496553625586,0.38133046714282415
mtl,456,0,0.625,0.4452054794520548,0.6691358024691358,0.6277777777777779,0.6199962126071313
mtl,456,1,0.4583333333333333,0.1967963386727689,0.5760683760683761,0.4595238095238095,0.38772689299005086
mtl,456,2,0.7222222222222222,0.570917759237187,0.7470867208672086,0.6944444444444445,0.695032825467608
mtl,417,0,0.4583333333333333,0.21498462398658091,0.48302985259507,0.5037866998651311,0.44963004069552354
mtl,417,1,0.3611111111111111,0.016042780748663055,0.22222222222222224,0.34803921568627455,0.2659698025551684
mtl,417,2,0.4166666666666667,0.10453064850458993,0.43818958818958825,0.4185600165992323,0.4030187220886294
mtl,502,0,0.5555555555555556,0.3278879813302218,0.5542641787897955,0.55870297174645,0.5521239380309845
mtl,502,1,0.5277777777777778,0.26019945602901184,0.7449160035366932,0.4993412384716733,0.43001867413632117
mtl,502,2,0.4722222222222222,0.2191780821917808,0.6666666666666666,0.48728834236080615,0.4502310628892907
mtl,304,0,0.5277777777777778,0.27957622130665094,0.48198830409356724,0.5091297591297591,0.47374231950844853
mtl,304,1,0.5,0.24077328646748686,0.3753501400560224,0.483974358974359,0.3994326241134752
mtl,304,2,0.4166666666666667,0.14382785956964894,0.481990231990232,0.4263791763791764,0.38093093093093094
mtl,300,0,0.4583333333333333,0.19402985074626855,0.4654049654049654,0.45380545380545384,0.4485190064900209
mtl,300,1,0.5,0.2702702702702702,0.5232884399551067,0.5292022792022792,0.4878591688247626
mtl,300,2,0.5,0.2443148688046647,0.5598894348894349,0.49633699633699635,0.48963468963468965
mtl,510,0,0.5,0.2918032786885245,0.5937862950058072,0.5431424559213606,0.4820178799489144
mtl,510,1,0.25,0.015945330296127547,0.41314553990610325,0.3461538461538462,0.15347923681257014
mtl,510,2,0.375,-0.038461538461538325,0.1285714285714286,0.3103448275862069,0.1818181818181818
mtl,402,0,0.5694444444444444,0.33571428571428563,0.5648710571184995,0.565302642796249,0.5533492822966507
mtl,402,1,0.4722222222222222,0.05979381443298981,0.3279569892473118,0.3830065359477124,0.3242753623188406
mtl,402,2,0.4861111111111111,0.2069068175052099,0.5214912280701754,0.45237283319124755,0.4243599964567278
mtl,444,0,0.4722222222222222,0.20764552562988703,0.5084684684684685,0.4710144927536232,0.4578134284016637
mtl,444,1,0.375,0.07455012853470433,0.3333333333333333,0.3812709030100334,0.2770764119601329
mtl,444,2,0.4305555555555556,0.15897435897435896,0.5857699805068227,0.4409141583054626,0.3833333333333333
mtl,408,0,0.6111111111111112,0.4129295282469423,0.6099633699633699,0.6122357174988754,0.6102564102564102
mtl,408,1,0.4722222222222222,0.22994652406417115,0.5361279461279461,0.49350227420402853,0.4678612752916158
mtl,408,2,0.5277777777777778,0.264644037248423,0.5704272046983044,0.5088469035837456,0.49437188064139326
mtl,447,0,0.4305555555555556,0.15705311250713871,0.48819444444444443,0.4358821186778176,0.4120809120809121
mtl,447,1,0.5138888888888888,0.19719655941382608,0.3760556383507203,0.489247311827957,0.40405797101449276
mtl,447,2,0.4861111111111111,0.17523219814241486,0.5075757575757576,0.44578141889969847,0.44192576844716097
mtl,460,0,0.5138888888888888,0.24843423799582465,0.48888339920948615,0.48631636562671043,0.4837353726830194
mtl,460,1,0.4444444444444444,0.11602209944751385,0.6644345238095238,0.4218117131910235,0.33908651734738693
mtl,460,2,0.5833333333333334,0.31515535827520613,0.7531446540880503,0.5198686371100164,0.5124414880512441
mtl,308,0,0.5,0.24825986078886308,0.5006798756798757,0.49413919413919416,0.4969205046359629
mtl,308,1,0.4861111111111111,0.21693121693121697,0.6380952380952382,0.47526251526251523,0.45052910052910056
mtl,308,2,0.5833333333333334,0.3860147811256396,0.6208576998050682,0.5975091575091575,0.5758953737457252
mtl,452,0,0.5833333333333334,0.36545240893066977,0.582936507936508,0.5701947006294832,0.5679117147707979
mtl,452,1,0.4861111111111111,0.18904109589041096,0.7142076502732241,0.4499341238471673,0.3749451032059728
mtl,452,2,0.7361111111111112,0.6053087132140795,0.7553688141923436,0.7396672034353194,0.7215408685996921
mtl,404,0,0.4861111111111111,0.23623853211009171,0.5051587301587301,0.4861111111111111,0.48611111111111116
mtl,404,1,0.3333333333333333,0.022624434389140302,0.5107323232323232,0.33769841269841266,0.267989417989418
mtl,404,2,0.4166666666666667,0.10000000000000009,0.4350061199510404,0.39285714285714285,0.3815209001621595
mtl,409,0,0.5,0.27516778523489926,0.5518207282913166,0.5178571428571429,0.5003779289493576
mtl,409,1,0.4444444444444444,0.13978494623655913,0.5326797385620915,0.42559523809523814,0.39122010584552314
mtl,409,2,0.5,0.22580645161290325,0.5675925925925926,0.49107142857142855,0.46964621667507916
mtl,309,0,0.4583333333333333,0.19217491369390116,0.47224782386072706,0.4551282051282051,0.4562242253932338
mtl,309,1,0.375,0.09497206703910599,0.44278606965174133,0.3974358974358974,0.27232088921106684
mtl,309,2,0.3472222222222222,0.021965317919075078,0.496415770609319,0.3442113442113442,0.2677371723883352
mtl,428,0,0.5833333333333334,0.38356164383561653,0.6230418093163191,0.5892857142857143,0.5797979797979798
mtl,428,1,0.3888888888888889,0.06382978723404253,0.5484330484330484,0.36904761904761907,0.3062091503267974
mtl,428,2,0.5277777777777778,0.2635379061371841,0.5484178941625749,0.49702380952380953,0.47827586206896555
mtl,427,0,0.6388888888888888,0.4778242677824268,0.7060931899641577,0.6969696969696969,0.6447354064375341
mtl,427,1,0.2916666666666667,0.048211508553654636,0.1967741935483871,0.38095238095238093,0.21451612903225806
mtl,427,2,0.7916666666666666,0.6675900277008311,0.8116396761133604,0.7628667628667628,0.7706513927303614
mtl,457,0,0.5555555555555556,0.3263157894736842,0.5760101010101011,0.540621266427718,0.5320332080200502
mtl,457,1,0.4444444444444444,0.07365712447732398,0.5633213859020311,0.3717926836206406,0.2896658429617756
mtl,457,2,0.5,0.18822424052615094,0.39325396825396824,0.4269215452011151,0.3602235027064781
mtl,406,0,0.6111111111111112,0.42168674698795183,0.6212121212121212,0.6332442067736186,0.6057095905305557
mtl,406,1,0.4305555555555556,0.1921182266009852,0.6345679012345679,0.49910873440285203,0.4015356612979703
mtl,406,2,0.6666666666666666,0.46765249537892783,0.6487674965935836,0.6336898395721925,0.6389345010034665
mtl,303,0,0.5555555555555556,0.32906231799650554,0.534536610343062,0.5444832944832946,0.5366193260930103
mtl,303,1,0.4444444444444444,0.15985997666277707,0.36944444444444446,0.4326923076923077,0.35386178861788614
mtl,303,2,0.4583333333333333,0.20227272727272727,0.3977777777777778,0.465034965034965,0.39393939393939387
mtl,435,0,0.6666666666666666,0.5126903553299492,0.6995678345423677,0.7082264957264958,0.6665641433878516
mtl,435,1,0.4444444444444444,0.19282511210762332,0.6062678062678063,0.4726495726495726,0.364451944642767
mtl,435,2,0.5833333333333334,0.3325092707045735,0.6205421562564419,0.548397435897436,0.5386589120766336
mtl,503,0,0.6527777777777778,0.4994438264738599,0.707437275985663,0.7124078311721332,0.6247117794486216
mtl,503,1,0.5138888888888888,0.3194706994328923,0.5236961451247165,0.5908212560386473,0.4700424214788099
mtl,503,2,0.7083333333333334,0.5356265356265357,0.7425571504518872,0.6661327231121281,0.6718146718146718
